Latin,English,Part of Speech
-ne,(indicates a question),Other
"accipiō, accipere, accēpī, acceptum",accept,Verb
"aciēs, aciēī, f.",line of battle; sharp edge,Noun
"adiuvō, adiuvāre, adiūvī, adiūtum",to help,Verb
"aēr, aēris, m.",air,Noun
"aestās, aestātis, f.",summer,Noun
"ager, agrī, m.",field,Noun
"agō, agere, ēgī, āctus","to drive, do, act",Verb
"aliquis, aliquid","someon, something",Pronoun
"alius, alia, aliud","other, another",Adjective
"alter, altera, alterum","the other (of two), the second; when used twice, ""the one. . . the other""",Adjective
"altus, -a, -um","high, deep",Adjective
"ambulō, ambulāre, ambulāvī, ambulātum",to walk,Verb
"amīcus, amīcī, m.",friend,Noun
"amō, amāre, amāvī, amātum",to love,Verb
"angustus, -a, -um","narrow, confined",Adjective
"annus, annī, m.",year,Noun
"aqua, aquae, f.",water,Noun
"armātus, -a, -um","armed, equipped",Adjective
"audāx, audācis (gen.)","bold, brave, audacious",Adjective
"audiō, audīre, audīvī, audītus",to hear,Verb
"augeō, augēre, auxī, auctum",to increase,Verb
aut,or,Conjunction
autem,"however, moreover",Adverb
"avis, avis, f.",bird,Noun
"bellum, bellī, n.",war,Noun
"benevolentia, -ae, f.",good will,Noun
"benignus, -a, -um","kind, friendly",Adjective
"brevis, breve","short, brief",Adjective
"caelum, caelī, n.",sky,Noun
"Caelus, Caelī, m.",Sky,Noun
"calamitās, calamitātis, f.",calamity,Noun
"Campānus, -a, -um",Campanian (from Capua),Adjective
"capiō, capere, cēpī, captum","to take, seize, capture",Verb
"captīvus, -a, -um",captive,Adjective
"Capua, -ae, f.",Capua (a city),Noun
"caput, capitis, n.",head,Noun
"cāritās, -tātis, f.","love, devotion",Noun
"cārus, -a, -um","dear, beloved",Adjective
"castra, castrōrum, n. pl.",camp,Noun
"certō, certāre, certāvī, certātum",to compete,Verb
"certus, certa, certum","certain, sure",Adjective
"cervīx, cervīcis, f.",neck,Noun
"cibus, -ī, m.",food,Noun
circum (+ acc.),around,Preposition
"cīvis, cīvis, m./f.",citizen,Noun
"cīvitās, -tātis, f.","state, citizenry",Noun
"clāmō, clāmāre, clāmāvī, clāmātum",to shout,Verb
"claudō, claudere, clausī, clausum","to close, shut, block",Verb
"cognōmen, cognōminis, n.","surname, honorary name",Noun
"cognōscō, cognōscere, cognōvī, cognōtus","to perceive, to recognize, to know",Verb
"comitia centuriāta, -ōrum, n. pl.",popular assembly; elections,Noun
"committō, committere, commīsī, commīsum",join,Verb
"comparō, comparāre, comparāvī, comparātum",to prepare,Verb
"coniunx, coniugis, m./f.",spouse,Noun
"coniūrātus, -ī, m.",conspirator (one bound by an oath),Noun
"cōnsilium, cōnsiliī, n.","plan, idea",Noun
"cōnstituō, cōnstituere, cōnstituī, cōnstitūtum",to decide,Verb
"cōnsul, cōnsulis, m.",consul,Noun
contrā,against,Preposition
"cornū, cornūs, n.",horn,Noun
"corpus, corporis, n.",body,Noun
"crēdō, crēdere, crēdidī, crēditum","to believe, trust",Verb
"creō, creāre, creāvī, creātum","to create, elect, appoint",Verb
"creō, creāre, creāvī, creātus","create, choose, elect",Verb
"crūdēlis, -e",cruel,Adjective
cum,with,Preposition
"cupidus, -a, -um","desirous, eager (for), greedy (+gen.)",Adjective
"cupiō, cupere, cupīvī, cupītum","to desire, want",Verb
"cupiō, cupīre, cupīvī, cupītum",to desire,Verb
cūr,why?,Adverb
"currō, currere, cucurrī, cursum",to run,Verb
"dea, deae, f.",goddess,Noun
"dēbeō, dēbēre, dēbuī, dēbitum","to ought to, should",Verb
"dēfendō, dēfendere, dēfendī, dēfēnsum",to defend,Verb
deinde,then,Adverb
"dēleō, dēlēre, dēlēvī, dēlētum",to destroy,Verb
"dēligō, dēligere, dēlexī, dēlectus",choose,Verb
"dētrahō, dētrahere, dētrāxī, dētractum","to pull off, remove",Verb
"deus, deī, m.",god,Noun
"dīcō, dīcere, dīxī, dictum","to say, to tell",Verb
"dictātor, dictātōris, m.",a special magistrate that had absolute authority for a period of six months,
"diēs, diēī, m./f.",day,Noun
"difficilis, difficile",difficult,Adjective
"difficillimus, difficillima, difficillimum","very difficult, most difficult",Adjective
"dīligēns, dīligentis (gen.)","diligent, careful",Adjective
"dīmittō, dīmittere, dīmīsī, dīmissum","to send away, release",Verb
"dīversus, -a, -um","different, opposite",Adjective
"dīvidō, dīvidere, dīvīsī, dīvīsum",to divide,Verb
"dīvitiae, dīvitiārum, f. pl.",riches,Noun
"dō, dare, dedī, datum",to give,Verb
"doleō, dolēre, doluī, dolitūrum","to grieve, be in pain",Verb
"dominātiō, -ōnis, f.","tyranny, despotism",Noun
"dōnum, dōnī, n.",gift,Noun
"dūcō, dūcere, dūxī, ductum",to lead,Verb
"duo, duae, duo",two,Adjective
"dux, ducis, m./f.",leader,Noun
"ē, ex","out of, from",Preposition
"ego, meī, mihi, mē, mē","I, of me, to/for me, me, by/with me",Pronoun
"elephantus, elephantī, m. OR elephāns, elephantis, m.",elephant,Noun
"eō, īre, iī/īvī, itum",to go,Verb
"eques, equitis, m.","horseman, knight",Noun
et,and,Conjunction
etiam,"also, even",Adverb
etsī,"even if, even though",Conjunction
"exercitus, -ūs, m.",army,Noun
"expellō, expellere, expulī, expulsum",to drive out,Verb
"exsequor, exsequī, exsecūtus sum","to perform, execute, carry out",Verb
"faciō, facere, fēcī, factum","to do, to make",Verb
"fātālis, -e","fateful, deadly",Adjective
"ferō, ferre, tulī, lātum","to carry, to bear",Verb
"ferōcia, -ae, f.",fierceness,Noun
"fidēlis, fidēle","faithful, loyal",Adjective
"fidēs, fideī, f.",faith,Noun
"fīlia, fīliae, f.",daughter,Noun
"fīlius, fīliī, m.",son,Noun
"fīniō, fīnīre, fīnīvī, fīnītum","to finish, bring to an end",Verb
"flūmen, flūminis, n.",river,Noun
"foedus, foederis, n.",treaty,Noun
"fōrma, formae, f.",shape,Noun
"fortis, forte","brave, strong",Adjective
"fortissimus, fortissima, fortissimum","bravest, strongest",Adjective
"fortūna, -ae, f.","fortune, luck, fate",Noun
"frāter, frātris, m.",brother,Noun
"fugiō, fugere, fūgī, fugitum",to flee,Verb
"Gallī, -ōrum, m. pl.",the Gauls,Noun
"gēns, gentis, f.","tribe, clan",Noun
"gerō, gerere, gessī, gestum",do; wear (clothing); wage (war),Verb
"gladius, gladiī, m.",sword,Noun
"grātus, -a, -um",pleasing,Adjective
"habeō, habēre, habuī, habitum",to have,Verb
"hic, haec, hoc","this (guy, gal, thing)",Pronoun
"hiems, hiemis, f.","winter, storm",Noun
"homō, hominis, m.","person, human being",Noun
"hostis, hostis, m.",enemy (of the state),Noun
"humilis, -e","low, humble, lowly",Adjective
iam,"now, already",Adverb
igitur,"therefore, then",Conjunction
"ignis, ignis, m.","fire, flame",Noun
"ignōminia, -ae, f.","disgrace, dishonor, shame",Noun
"ille, illa, illud","that (guy, gal, thing); he/she/it",Pronoun
"imāgō, imāginis, f.",image,Noun
"immortālis, immortāle",immortal,Adjective
"imperātor, imperātōris, m.","general (later ""emperor"", once there is one)",Noun
"imperium, imperiī, n.",the legal authority of Roman magistrates to inflict violence on citizens; the legal authority of Rome to inflict violence on its provinces,Noun
"imperō, imperāre, imperāvī, imperātum (+dat.)","to order, command",Verb
"impetus, impetūs, m.","attack, charge",Noun
in,"in, on; into, onto",Preposition
"incipiō, incipiere, incēpī, inceptum",to begin,Verb
"incitō, incitāre, incitāvī, incitātum","to urge on, incite",Verb
"inermis, -e","unarmed, defenseless",Adjective
"īnferī, -ōrum, m. pl.",the underworld,Noun
"ingēns, ingentis","huge, vast",Adjective
"inimīcus, -a, -um","unfriendly, hostile",Adjective
"iniūstus, -a, -um","unfair, unjust",Adjective
"inquam, -, -, -",to say,Verb
"intelligō, intelligere, intellēxī, intellēctum",to understand,Verb
inter (+ acc.),"between, among",Preposition
"interficiō, interficere, interfēcī, interfectum",to kill,Verb
"is, ea, id","he, she, it; this, that",Pronoun
itaque,therefore,Conjunction
"iter, itineris, n.",journey,Noun
iterum,again,Adverb
"iubeō, iubēre, iussī, iussum","to bid, order",Verb
"iugum, -ī, n.",yoke; ridge,Noun
"iustus, iusta, iustum","just, fair",Adjective
"lēgātus, -ī, m.","envoy, ambassador",Noun
"legō, legere, lēgī, lēctum",to read,Verb
"lēx, lēgis, f.",law,Noun
"līber, librī, m.",book,Noun
"līberō, līberāre, līberāvī, līberātum",to free,Verb
"lībertās, lībertātis, f.","freedom, liberty",Noun
"lictor, lictōris, m.",lictor (attendant and bodyguard of a magistrate),Noun
"ligō, ligāre, ligāvī, ligātum","to tie, bind",Verb
"longus, -a, -um","long, far",Adjective
"maestus, -a, -um","sad, gloomy",Adjective
"maneō, manēre, mānsī, mānsum","to stay, wait",Verb
"mare, maris, n.",sea,Noun
"medius, -a, -um","middle, central",Adjective
"memoria, memoriae, f.",memory,Noun
"mēnsis, mēnsis, m.",month,Noun
"meus, mea, meum","my, mine",Adjective
"mīles, mīlitis, m.",soldier,Noun
"mille; (plural) mīlia, mīlium",thousand(s),Numeral
"miserrimus, miserrima, miserrimum","most miserable, very sad",Adjective
"mittō, mittere, mīsī, mīsum",to send,Verb
"mittō, mitttere, mīsī, mīsum",to send,Verb
"mōns, montis, m.",mountain,Noun
"mora, morae, f.",delay,Noun
moritūrī essent,were about to die,Verb
"mors, mortis, f.",death,Noun
"mortālis, mortāle",mortal,Adjective
"moveō, movēre, mōvī, mōtum",to move,Verb
mox,soon,Adverb
"multus, multa, multum","much, many",Adjective
"mūtō, mūtāre, mūtāvī, mūtātum",to change,Verb
"nārrō, nārrāre, nārrāvī, nārrātum","to tell, narrate",Verb
"natūra, natūrae, f.",nature,Noun
"nātus, nātī, m.","son (literally ""born one"")",Noun
"nāvis, nāvis, f.",ship,Noun
necesse,necessary,Adjective
"necō, necāre, necāvī, necātum",to kill,Verb
"nihil, n.",nothing,Noun
nōlī / nōlīte (+ infinitive),don't...!,Other
"nōlō, nōlle, nōluī, -","to not want, to be unwilling",Verb
nōn,not,Adverb
nōn iam,no longer,Adverb
"nōs, nostrum/nostrī, nōbīs, nōs, nōbīs","we, of us, to/for us, us, by/with us",Pronoun
"noster, nostra, nostrum",our,Adjective
novem,9,Numeral
"nūllus, -a, -um","not any, no",Adjective
numquam,never,Adverb
"nūntius, -ī, m.",messenger,Noun
"oblīviscor, oblīviscī, oblītus sum",to forget,Verb
"obses, obsidis, m./f.",hostage,Noun
"occupō, occupāre, occupāvī, occupātum","take possession of, seize, obtain",Verb
octō,8,Numeral
"oculus, -ī, m.",eye,Noun
ōlim,"once, formerly",Adverb
omnīnō,"altogether, completely",Adverb
"omnis, omne","all, every",Adjective
paene,almost,Adverb
"palūdāmentum, -ī, n.",military cloak,Noun
"pālus, -ī, m.","stake, post",Noun
"pars, partis, f.",part,Noun
"parvus, -a, -um",small,Adjective
"pāstor, pāstōris, m.",shepherd,Noun
"pater, patris, m.",father,Noun
"patria, patriae, f.","fatherland, country",Noun
"paucus, -a, -um","few, a few",Adjective
"pāx, pācis, f.",peace,Noun
"pecūnia, pecūniae, f.",money,Noun
"pedēs, peditis",footsoldier,Noun
"perīculum, perīculī, n.",danger!,Noun
"perterritus, -a, -um",terrified,Adjective
"perveniō, pervenīre, pervēnī, perventum","come all the way through, arrive",Verb
"petō, petere, petīvī/petiī, petītum","to seek, to look for",Verb
"plaustrum, -ī, n.","wagon, cart",Noun
"plēnus, -a, -um (+ gen.)","full, full of",Adjective
"poena, poenae, f.",punishment,Noun
"pōnō, pōnere, posuī, positum","to put, to place",Verb
"populus, populī, m.",the people (as a single entity),Noun
"possum, posse, potuī, -","to be able, can",Verb
post,after,Preposition
posteā,after that,Adverb
postquam,after (as a conjunction),Conjunction
postrīdiē,on the following day,Adverb
"postulō, postulāre, postulāvī, postulātum",to demand,Verb
"potēns, potentis (gen.)",powerful,Adjective
potes-ne,Can you...?,Other
prīmō,at first,Adverb
"prīmus, -a, -um",first,Adjective
"prōbō, prōbāre, prōbāvī, prōbātum","to approve, find good",Verb
"prōcēdō, prōcēdere, prōcessī, prōcessum",to proceed,Verb
"prōditor, prōditōris, m.","traitor, betrayer",Noun
"proelium, proeliī, n.",battle,Noun
prope,near,Preposition
"prōvincia, prōvinciae, f.","province, one of the territories controlled by Rome",Noun
"prūdēns, prūdentis","wise, prudent",Adjective
pūblicē,publicly,Adverb
"pūblicus, -a, -um","public, national, belonging to the people",Adjective
"pudor, pudōris, m.","shame, modesty",Noun
"pugnō, pugnāre, pugnāvī, pugnātum",to fight,Verb
"pulcher, pulchra, pulchrum","beautiful, handsome",Adjective
"pūniō, pūnīre, pūnīvī, pūnītum",to punish,Verb
quae,"who, which",Pronoun
quam,than,Conjunction
quamquam,although,Conjunction
"queror, querī, questus sum","to complain, lament",Verb
quia,because,Conjunction
quod,because,Conjunction
rapidē,"quickly, fast",Adverb
"redimō, redimere, redēmī, redēmptum","to buy back, redeem",Verb
"redūcō, redūcere, redūxī, reductum",to lead back,Verb
"rēgīna, rēgīnae, f.",queen,Noun
"regō, regere, rēxī, rēctum",to rule,Verb
"rēgō, rēgere, rēxī, rēctum","to rule, direct",Verb
"relinquō, relinquere, relīquī, relictum",to leave behind,Verb
retrō,"backwards, back",Adverb
"revocō, revocāre, revocāvī, revocātum",to call back,Verb
"rēx, rēgis, m.",king,Noun
"rīdeō, rīdēre, rīsī, rīsum","to laugh, laugh at",Verb
"rogō, rogāre, rogāvī, rogātum",to ask,Verb
"sagitta, sagittae, f.",arrow,Noun
"sānus, -a, -um","healthy, sound, sane",Adjective
satis,enough,Adverb
"saxum, -ī, n.","rock, stone",Noun
"scelus, sceleris, n.",crime,Noun
"sēcrētus, -a, -um",secret,Adjective
sēcum,with him(self),Pronoun
secundum,according to,Preposition
sed,but,Conjunction
semper,always,Adverb
"senātus, senātūs, m.",senate,Noun
"senex, senis, m.",old man,Noun
"septimus, -a, -um",seventh,Adjective
"serpēns, serpentis, m./f.",snake,Noun
"servus, -ī, m.",slave,Noun
"servus, servī, m.","slave, servant",Noun
"sexcentī, -ae, -a",six hundred,Adjective
sī,if,Conjunction
"sīgnum, -ī, n.","sign, symbol",Noun
"silva, silvae, f.",forest,Noun
similiter,similarly,Adverb
sine (+ acc.),without,Preposition
"sociābilis, sōciābile",sociable,Adjective
"socius, -ī, m.",ally,Noun
"soror, sorōris, f.",sister,Noun
"spēs, speī, f.",hope,Noun
"spōnsiō, -ōnis, f.",a solemn promise,Noun
"statuō, statuere, statuī, statūtum","to decide, establish",Verb
"stupor, stupōris, m.","daze, numbness, stupor",Noun
sub (+ acc./abl.),under,Preposition
"suī, sibi, sē, sē","himself, herself, itself, themselves",Pronoun
"sum, esse, fuī, futūrum",to be,Verb
"superbissimus, superbissima, superbissimum","most arrogant, very arrogant",Adjective
"superbus, superba, superbum","arrogant, proud",Adjective
tam,"so, to such a degree",Adverb
tamquam,"as if, just as",Adverb
tandem,finally,Adverb
"tangō, tangere, tetigī, tāctum",to touch,Verb
"tēlum, tēlī, n.","weapon, spear, arrow",Noun
"temptō, temptāre, temptāvī, temptātum",to try,Verb
"tempus, temporis, n.","time, season",Noun
"teneō, tenēre, tenuī, tentum",to hold,Verb
"terra, terrae, f.","earth, land",Noun
"terribilis, -e","terrible, dreadful",Adjective
"territus, territa, territum",terrified,Adjective
"timeō, timēre, timuī, -","to fear, to be afraid",Verb
"tollō, tollere, sustulī, sublātum","to lift up, raise",Verb
"tōtus, tōta, tōtum","whole, entire",Adjective
"trādō, trādere, trādidī, trāditum",hand over,Verb
"trādūcō, trādūcere, trādūxī, trāductum",lead across,Verb
trāns,across,Preposition
"trānsfōrmō, trānsfōrmāre, trānsfōrmāvī, trānsfōrmātum",to transform,Verb
"trēs, tria",three,Adjective
"trīstis, -e","sad, solemn, grim",Adjective
"trīstis, trīste",sad,Adjective
"tū, tuī, tibi, tē, tē","you, of you, to/for you, you, by/with you",Pronoun
tum,then,Adverb
"tūtus, tūta, tūtum",safe,Adjective
ultimō,"in the end, finally",Adverb
"ūmidus, ūmida, ūmidum","moist, damp, wet",Adjective
ūnā,together,Adverb
"ūnus, ūna, ūnum",one,Adjective
"urbs, urbis, f.",city,Noun
"uxor, uxōris, f.",wife,Noun
valdē,"very, very much",Adverb
"vallis, vallis, f.",valley,Noun
"veniō, venīre, vēnī, ventum",to come,Verb
"verberō, verberāre, verberāvī, verberātum","to flog, beat",Verb
"verbum, verbī, n.",word,Noun
"vērus, vēra, vērum",TRUE,Adjective
"vestis, vestis, f.","clothing, garment",Noun
"vexō, vexāre, vexāvī, vexātum","to annoy, harass, taunt",Verb
"via, viae, f.","road, way, path",Noun
"victōria, -ae, f.",victory,Noun
"videō, vidēre, vīdī, vīsum",to see,Verb
vigintī,20,Numeral
"vincō, vincere, vīcī, victum",to conquer,Verb
"vir, virī, m.",man,Noun
"virga, -ae, f.","switch, rod",Noun
"vīvō, vīvere, vīxī, vīctum",to live,Verb
"vocō, vocāre, vocāvī, vocātus",to call,Verb
"volō, velle, voluī, -","to want, to wish",Verb
"vōs, vestrum/vestrī, vōbīs, vōs, vōbīs","you (pl.), of you (pl.), to/for you (pl.), you (pl.), by/with you (pl.)",Pronoun
"vox, vōcis, f.",voice,Noun
"vulnerō, vulnerāre, vulnerāvī, vulnerātum","to wound, injure",Verb
Vultis-ne,Do you all want...?,Other
"vultus, -ūs, m.","look, expression, face",Noun
"quī, quae, quod","who, which",Pronoun
mī / mihi,"to me, for me",Pronoun
vidētur,seems,Verb
"ōs, ōris, n.",mouth,Noun
simul (ac),as soon as,Conjunction
"ēripiō, ēripere, ēripuī, ēreptum",snatch away,Verb
"lūmen, lūminis, n.",light (the plural often used metaphorically of the eyes),Noun
"dulcis, dulce",sweet,Adjective
"beātus, beāta, beātum",#blessed,Adjective
adversus,opposite,Preposition
"aspiciō, aspicere, aspexī, aspectum",catch sight of,Verb
"perdō, perdere, perdidī, perditum","destroy, ruin",Verb
"prior, prius","before, earlier",Adverb
"supersum, superesse, superfuī (Catullus has a form in tmesis: ""est super"")",to be left,Verb
"superō, superāre, superāvī, superātum",surpass,Verb
"ōtium, ōtiī, n.",leisure,Noun
"lingua, linguae, f.",tongue,Noun
"sēnsus, sēnsūs",sense,Noun
fās,"permitted by religion, correct",Adjective
"audiō, audīre, audīvī, audītum",to hear,Verb
suōpte,all their own,Adjective
"dēmānō, dēmānāre, dēmānāvī, dēmānātum",flow down,Verb
"exsultō, exsultāre, exsultāvī, exsultātum",exult,Verb
"gestiō, gestīre, gestīvī, gestītum",make excitable gestures,Verb
identidem,again and again,Adverb
"molestus, molesta, molestum",irritating,Adjective
"sonitus, sonitūs, m.",sound,Noun
"tenuis, tenue",slender,Adjective
"torpeō, torpēre",to be stiff,Verb
"auris, auris, f.",ear,Noun
"pār, pāris",equal,Adjective
"dīvus, dīvī, m","god (""divine"" as an adjective)",Noun
"artus, artūs, m.","limb, joint",Noun
nimium,too much,Adverb
"suus, sua, suum",his/her/its/their own,Adjective